FILE NAME,label
Lung_Opacity-4907,3
Normal-237,1
Normal-8791,1
COVID-1346,0
Normal-2503,1
Viral Pneumonia-70,2
Normal-9499,1
Normal-7109,1
Normal-1672,1
Lung_Opacity-1773,3
COVID-388,0
Normal-3851,1
Lung_Opacity-1805,3
Normal-1642,1
Lung_Opacity-2218,3
Viral Pneumonia-455,2
COVID-333,0
COVID-3038,0
COVID-895,0
Lung_Opacity-82,3
Normal-7085,1
Lung_Opacity-1807,3
Viral Pneumonia-908,2
Lung_Opacity-426,3
COVID-2240,0
Normal-4969,1
Normal-7011,1
Normal-8818,1
COVID-3574,0
Viral Pneumonia-514,2
Normal-3137,1
Normal-7730,1
COVID-391,0
Normal-389,1
Lung_Opacity-5392,3
Lung_Opacity-2294,3
COVID-1145,0
Lung_Opacity-738,3
COVID-2845,0
COVID-552,0
Lung_Opacity-1253,3
Normal-766,1
Lung_Opacity-4326,3
Viral Pneumonia-767,2
Normal-8790,1
COVID-206,0
Lung_Opacity-383,3
Lung_Opacity-4820,3
Lung_Opacity-3858,3
Normal-4742,1
COVID-1472,0
Lung_Opacity-232,3
Lung_Opacity-732,3
Normal-462,1
Lung_Opacity-1797,3
Normal-1447,1
Normal-722,1
Lung_Opacity-4212,3
Viral Pneumonia-525,2
COVID-63,0
Lung_Opacity-4610,3
Lung_Opacity-5197,3
COVID-3556,0
Normal-913,1
Lung_Opacity-650,3
Normal-7690,1
Normal-5850,1
Normal-1842,1
Normal-5388,1
Lung_Opacity-2146,3
Normal-5973,1
Lung_Opacity-1307,3
Normal-2096,1
Normal-999,1
Lung_Opacity-5720,3
Lung_Opacity-2231,3
Lung_Opacity-4468,3
Lung_Opacity-219,3
Lung_Opacity-5516,3
Normal-3738,1
Lung_Opacity-5612,3
Normal-343,1
Normal-6258,1
Normal-570,1
Normal-3996,1
Viral Pneumonia-1287,2
Normal-9690,1
Normal-4791,1
Normal-1068,1
Normal-9926,1
COVID-3222,0
Normal-3888,1
Normal-2753,1
Lung_Opacity-2690,3
Viral Pneumonia-1225,2
Normal-1611,1
Normal-1175,1
Viral Pneumonia-241,2
COVID-1131,0
Normal-5994,1
Normal-2217,1
Viral Pneumonia-213,2
COVID-3395,0
Normal-7149,1
Lung_Opacity-3904,3
Viral Pneumonia-420,2
Viral Pneumonia-62,2
Normal-9325,1
COVID-2584,0
Normal-5373,1
Viral Pneumonia-386,2
Normal-7288,1
Normal-4843,1
Lung_Opacity-1206,3
Normal-4905,1
Normal-9567,1
Lung_Opacity-891,3
Normal-2328,1
COVID-21,0
Lung_Opacity-879,3
Normal-4545,1
Lung_Opacity-654,3
Normal-9277,1
Lung_Opacity-5046,3
Normal-1533,1
Lung_Opacity-4759,3
Normal-7928,1
Normal-3489,1
COVID-609,0
Lung_Opacity-2734,3
Normal-2696,1
Normal-2722,1
COVID-2250,0
COVID-1272,0
Lung_Opacity-2907,3
Normal-4800,1
Normal-654,1
Normal-9792,1
Normal-1839,1
COVID-3155,0
Normal-5918,1
Lung_Opacity-3392,3
COVID-3394,0
Lung_Opacity-2631,3
Lung_Opacity-2119,3
Lung_Opacity-3124,3
COVID-2835,0
Normal-4382,1
Lung_Opacity-3801,3
Normal-10166,1
COVID-2877,0
Lung_Opacity-2778,3
Normal-4609,1
Normal-3504,1
Normal-5627,1
Normal-224,1
Viral Pneumonia-167,2
Normal-3741,1
Lung_Opacity-667,3
Lung_Opacity-4248,3
COVID-967,0
Lung_Opacity-170,3
Normal-7185,1
COVID-2127,0
Lung_Opacity-4862,3
Normal-2874,1
Normal-8786,1
COVID-845,0
Normal-6674,1
Normal-9862,1
Normal-810,1
Normal-2471,1
Lung_Opacity-2373,3
Normal-2267,1
Viral Pneumonia-527,2
Normal-5378,1
COVID-1799,0
Viral Pneumonia-539,2
Normal-4123,1
Normal-3831,1
Lung_Opacity-4658,3
Lung_Opacity-3703,3
Normal-7913,1
Normal-7910,1
Normal-4995,1
Lung_Opacity-2365,3
COVID-2001,0
Normal-5615,1
Lung_Opacity-4719,3
Lung_Opacity-1466,3
Lung_Opacity-3972,3
COVID-2703,0
COVID-2500,0
COVID-3329,0
COVID-220,0
COVID-35,0
COVID-3092,0
Normal-3836,1
Lung_Opacity-930,3
Normal-1755,1
Lung_Opacity-254,3
Normal-6469,1
Normal-2513,1
Normal-7876,1
COVID-2227,0
Normal-9222,1
Lung_Opacity-3939,3
Normal-3702,1
Normal-9611,1
Normal-5907,1
COVID-2616,0
COVID-1835,0
Normal-7464,1
Lung_Opacity-4911,3
Lung_Opacity-528,3
Normal-1650,1
Normal-9296,1
COVID-3592,0
Viral Pneumonia-188,2
Lung_Opacity-1010,3
Lung_Opacity-4110,3
Normal-65,1
COVID-2591,0
Normal-8723,1
COVID-3606,0
Lung_Opacity-2149,3
Normal-10004,1
Lung_Opacity-5579,3
Lung_Opacity-3386,3
COVID-1078,0
Lung_Opacity-2431,3
Lung_Opacity-3792,3
Lung_Opacity-771,3
Normal-9203,1
Normal-5001,1
Normal-2603,1
Lung_Opacity-4994,3
Normal-8670,1
Lung_Opacity-121,3
Normal-10151,1
Lung_Opacity-2957,3
COVID-556,0
Normal-1126,1
Normal-1502,1
Normal-6272,1
Normal-3210,1
Normal-7787,1
Normal-3100,1
Lung_Opacity-3519,3
Lung_Opacity-44,3
Lung_Opacity-3607,3
Normal-56,1
Normal-8709,1
Lung_Opacity-4738,3
Lung_Opacity-1059,3
Normal-2838,1
Lung_Opacity-5928,3
Lung_Opacity-737,3
Normal-29,1
Normal-5470,1
Lung_Opacity-2572,3
Normal-667,1
Normal-4536,1
Normal-2635,1
Normal-2135,1
Lung_Opacity-4677,3
Lung_Opacity-307,3
Normal-3638,1
Lung_Opacity-1788,3
COVID-1619,0
Lung_Opacity-3540,3
COVID-3202,0
Normal-277,1
Lung_Opacity-5219,3
Lung_Opacity-2421,3
Normal-8956,1
COVID-838,0
Lung_Opacity-3244,3
Normal-350,1
Lung_Opacity-2883,3
Viral Pneumonia-262,2
Lung_Opacity-3709,3
Lung_Opacity-1505,3
Lung_Opacity-3085,3
Normal-7801,1
COVID-326,0
Lung_Opacity-1731,3
Viral Pneumonia-900,2
Normal-8054,1
COVID-3496,0
COVID-785,0
Normal-182,1
Normal-8695,1
Viral Pneumonia-641,2
Lung_Opacity-3940,3
Normal-163,1
Normal-9342,1
Lung_Opacity-3264,3
COVID-274,0
Normal-1500,1
Lung_Opacity-2993,3
COVID-2827,0
Normal-4324,1
Lung_Opacity-4783,3
COVID-3189,0
Lung_Opacity-5085,3
Lung_Opacity-1561,3
Normal-10180,1
Normal-2382,1
Normal-3754,1
Lung_Opacity-5229,3
Viral Pneumonia-763,2
Normal-7791,1
Normal-5732,1
Lung_Opacity-4379,3
Lung_Opacity-4452,3
Normal-9836,1
Normal-6880,1
Lung_Opacity-3051,3
Normal-2940,1
Normal-5234,1
Lung_Opacity-3003,3
COVID-1543,0
Lung_Opacity-1164,3
Normal-5237,1
Lung_Opacity-1293,3
Normal-2651,1
Lung_Opacity-3423,3
COVID-186,0
Normal-883,1
Lung_Opacity-1725,3
COVID-1791,0
Lung_Opacity-1448,3
COVID-3350,0
Normal-10100,1
Lung_Opacity-4954,3
Normal-2500,1
Lung_Opacity-1668,3
Lung_Opacity-2641,3
COVID-1665,0
Normal-2924,1
Normal-2350,1
Lung_Opacity-2903,3
COVID-3114,0
Lung_Opacity-5061,3
Normal-2754,1
Normal-4482,1
Normal-3010,1
Normal-7131,1
COVID-314,0
Normal-4716,1
COVID-620,0
Normal-1125,1
COVID-1704,0
Normal-2385,1
COVID-394,0
Normal-1595,1
COVID-1641,0
Normal-2130,1
Normal-8874,1
COVID-3258,0
Normal-1559,1
Normal-2353,1
Normal-9905,1
Normal-9215,1
Normal-6479,1
COVID-1297,0
Viral Pneumonia-481,2
Normal-9540,1
Lung_Opacity-5268,3
Normal-9832,1
COVID-769,0
COVID-928,0
COVID-3255,0
Lung_Opacity-324,3
COVID-3142,0
Lung_Opacity-3251,3
Viral Pneumonia-799,2
COVID-463,0
COVID-2522,0
Normal-8298,1
COVID-3397,0
Lung_Opacity-5953,3
Normal-4387,1
Normal-2184,1
Lung_Opacity-3033,3
Normal-7861,1
Lung_Opacity-314,3
Normal-7534,1
Viral Pneumonia-333,2
Lung_Opacity-3750,3
Lung_Opacity-4049,3
Normal-3682,1
COVID-1805,0
COVID-3514,0
Lung_Opacity-2478,3
Lung_Opacity-4908,3
Lung_Opacity-975,3
Lung_Opacity-4984,3
Normal-993,1
Lung_Opacity-2099,3
Viral Pneumonia-1084,2
COVID-1703,0
Normal-10127,1
Normal-3063,1
Normal-3481,1
Normal-4754,1
COVID-2469,0
Normal-9156,1
COVID-1655,0
COVID-908,0
Viral Pneumonia-879,2
Lung_Opacity-130,3
COVID-23,0
Normal-2548,1
Normal-5221,1
Lung_Opacity-3618,3
Lung_Opacity-4560,3
Lung_Opacity-182,3
Lung_Opacity-531,3
Lung_Opacity-1488,3
Lung_Opacity-2081,3
Lung_Opacity-2748,3
Lung_Opacity-3123,3
Normal-6400,1
Normal-4965,1
COVID-2692,0
Normal-5333,1
COVID-772,0
Normal-2949,1
Normal-5215,1
Normal-3862,1
Normal-5417,1
Normal-1875,1
Normal-3997,1
Normal-4553,1
Normal-1700,1
Normal-6538,1
Lung_Opacity-993,3
COVID-1373,0
Normal-10137,1
Normal-4143,1
Normal-9250,1
COVID-2260,0
Normal-1510,1
Normal-2440,1
Normal-832,1
Normal-4215,1
Normal-5213,1
Normal-2569,1
Normal-10023,1
Normal-5762,1
COVID-1105,0
Normal-6327,1
Normal-1161,1
Normal-3387,1
Lung_Opacity-4844,3
Normal-3658,1
Normal-9999,1
Normal-7255,1
Normal-7898,1
Normal-1333,1
Lung_Opacity-5025,3
COVID-1274,0
COVID-1210,0
Normal-291,1
Normal-5426,1
Normal-2509,1
Lung_Opacity-4403,3
Lung_Opacity-2327,3
Lung_Opacity-452,3
Normal-698,1
Normal-9891,1
Normal-5342,1
Viral Pneumonia-284,2
Normal-7615,1
Lung_Opacity-5567,3
Normal-3077,1
Lung_Opacity-5428,3
COVID-194,0
Normal-8911,1
Lung_Opacity-1954,3
Lung_Opacity-4786,3
Normal-3961,1
Lung_Opacity-437,3
Lung_Opacity-3934,3
Lung_Opacity-2337,3
COVID-2353,0
Lung_Opacity-5405,3
Lung_Opacity-5209,3
Lung_Opacity-3795,3
Viral Pneumonia-1273,2
COVID-2501,0
Normal-7984,1
Lung_Opacity-382,3
Normal-5553,1
Normal-3460,1
Normal-7513,1
Lung_Opacity-5954,3
Normal-966,1
Normal-8334,1
Normal-71,1
Lung_Opacity-1833,3
Normal-4201,1
COVID-2511,0
Normal-2858,1
Normal-1631,1
Lung_Opacity-2651,3
Viral Pneumonia-1115,2
Viral Pneumonia-777,2
Lung_Opacity-5430,3
Lung_Opacity-1978,3
Lung_Opacity-1957,3
Normal-10078,1
Normal-7020,1
Lung_Opacity-316,3
COVID-2600,0
Viral Pneumonia-51,2
Viral Pneumonia-1089,2
Normal-2599,1
Normal-7381,1
Lung_Opacity-884,3
COVID-2724,0
Lung_Opacity-2008,3
Normal-974,1
Normal-2898,1
Lung_Opacity-4913,3
Normal-5140,1
COVID-3101,0
Lung_Opacity-806,3
Lung_Opacity-3375,3
Viral Pneumonia-1191,2
Normal-909,1
Normal-6119,1
Normal-920,1
Normal-7111,1
Normal-9230,1
Lung_Opacity-3236,3
Normal-3278,1
Normal-7923,1
Lung_Opacity-3254,3
Lung_Opacity-5320,3
Normal-4578,1
Normal-8574,1
COVID-3028,0
Lung_Opacity-1326,3
Lung_Opacity-2499,3
Normal-9142,1
COVID-118,0
Normal-5204,1
Lung_Opacity-5575,3
Lung_Opacity-180,3
Lung_Opacity-1660,3
Lung_Opacity-204,3
Normal-10005,1
Normal-7790,1
Lung_Opacity-2037,3
Normal-8806,1
Normal-5995,1
Normal-9803,1
Normal-9088,1
COVID-3533,0
Normal-664,1
Normal-1512,1
COVID-1442,0
Normal-3306,1
Normal-8728,1
Lung_Opacity-5797,3
Lung_Opacity-1706,3
Normal-952,1
Normal-5162,1
COVID-853,0
COVID-2111,0
COVID-1973,0
Normal-1130,1
Normal-7392,1
Normal-3450,1
Normal-2570,1
Viral Pneumonia-282,2
Normal-5602,1
Normal-7390,1
Lung_Opacity-341,3
Lung_Opacity-2477,3
COVID-880,0
Normal-9046,1
Normal-7695,1
Viral Pneumonia-788,2
Normal-3782,1
Normal-2981,1
Lung_Opacity-3400,3
Normal-408,1
COVID-914,0
COVID-3600,0
COVID-2871,0
Viral Pneumonia-573,2
Normal-873,1
Lung_Opacity-1840,3
Normal-9942,1
Viral Pneumonia-832,2
COVID-1354,0
COVID-1273,0
Lung_Opacity-949,3
Normal-2887,1
COVID-2840,0
Lung_Opacity-4106,3
Normal-2085,1
Normal-8598,1
Normal-1013,1
Normal-1343,1
Normal-764,1
Normal-4725,1
Lung_Opacity-572,3
Normal-785,1
Normal-3560,1
COVID-1699,0
Normal-522,1
COVID-285,0
Lung_Opacity-5836,3
Normal-807,1
Normal-2062,1
Normal-3477,1
Normal-4921,1
COVID-2369,0
Lung_Opacity-3457,3
COVID-973,0
Lung_Opacity-3477,3
Normal-6435,1
COVID-630,0
Lung_Opacity-5473,3
Lung_Opacity-362,3
Lung_Opacity-849,3
Normal-5183,1
Viral Pneumonia-36,2
Lung_Opacity-1847,3
Viral Pneumonia-801,2
Lung_Opacity-2303,3
COVID-808,0
Normal-644,1
Viral Pneumonia-176,2
Viral Pneumonia-160,2
COVID-1140,0
COVID-442,0
Viral Pneumonia-157,2
Lung_Opacity-5150,3
Viral Pneumonia-1050,2
Viral Pneumonia-535,2
Lung_Opacity-5626,3
Viral Pneumonia-288,2
Normal-2632,1
COVID-2795,0
Normal-2127,1
Normal-7649,1
Normal-9197,1
Lung_Opacity-3829,3
COVID-2909,0
Normal-2711,1
Normal-166,1
COVID-256,0
Normal-9312,1
Normal-4583,1
Lung_Opacity-1169,3
Lung_Opacity-4554,3
COVID-252,0
Lung_Opacity-4129,3
COVID-2063,0
Lung_Opacity-477,3
Normal-6588,1
Lung_Opacity-3137,3
Lung_Opacity-4576,3
Normal-3383,1
Normal-7369,1
Lung_Opacity-3495,3
COVID-517,0
Normal-1495,1
Normal-3435,1
COVID-971,0
Lung_Opacity-4507,3
Lung_Opacity-2221,3
Lung_Opacity-3592,3
Lung_Opacity-2931,3
Normal-6815,1
COVID-2467,0
Lung_Opacity-5956,3
Lung_Opacity-2072,3
Normal-5914,1
Normal-8520,1
Normal-723,1
COVID-2488,0
Normal-9201,1
Viral Pneumonia-653,2
Normal-8648,1
Normal-1057,1
Normal-2857,1
Normal-7872,1
Lung_Opacity-2698,3
Normal-4377,1
Viral Pneumonia-754,2
Normal-8718,1
Lung_Opacity-5058,3
Normal-9061,1
Normal-1517,1
COVID-301,0
COVID-363,0
Lung_Opacity-814,3
Lung_Opacity-1577,3
Normal-6282,1
Lung_Opacity-4840,3
Normal-8763,1
Viral Pneumonia-522,2
Normal-2527,1
Normal-967,1
Normal-4887,1
COVID-843,0
Lung_Opacity-4456,3
Lung_Opacity-216,3
Normal-7992,1
Lung_Opacity-4600,3
COVID-2142,0
Normal-6,1
Normal-8822,1
Normal-5650,1
COVID-328,0
Normal-2409,1
Normal-6375,1
Normal-511,1
Normal-3623,1
COVID-1977,0
Lung_Opacity-896,3
Normal-9892,1
COVID-3296,0
Normal-9159,1
Normal-8144,1
Lung_Opacity-1711,3
COVID-725,0
Lung_Opacity-4366,3
COVID-2674,0
Normal-1911,1
COVID-1756,0
COVID-2295,0
COVID-3064,0
Lung_Opacity-5934,3
Viral Pneumonia-166,2
COVID-1485,0
Normal-9623,1
COVID-685,0
Normal-8438,1
Normal-9111,1
Normal-2578,1
Viral Pneumonia-379,2
Normal-8476,1
Normal-3917,1
COVID-72,0
COVID-1526,0
Lung_Opacity-5420,3
Lung_Opacity-2872,3
Lung_Opacity-4035,3
Lung_Opacity-1288,3
Normal-6357,1
COVID-2302,0
Lung_Opacity-3139,3
COVID-2213,0
Normal-7707,1
Normal-8553,1
Normal-8279,1
Normal-5669,1
Normal-6213,1
COVID-2858,0
Lung_Opacity-5968,3
Normal-7849,1
Normal-7153,1
Lung_Opacity-2105,3
COVID-1937,0
Viral Pneumonia-1152,2
Normal-9334,1
Viral Pneumonia-738,2
Normal-2453,1
COVID-751,0
Normal-1363,1
Normal-1016,1
Normal-10060,1
Normal-2307,1
COVID-2505,0
Normal-7703,1
COVID-1819,0
Normal-9754,1
COVID-341,0
COVID-2995,0
Normal-1065,1
Normal-9401,1
Lung_Opacity-770,3
Lung_Opacity-436,3
Lung_Opacity-3468,3
COVID-2451,0
Normal-5958,1
Normal-2849,1
Lung_Opacity-5262,3
Normal-6485,1
Normal-9996,1
Normal-4280,1
Normal-5609,1
Normal-2456,1
Lung_Opacity-4821,3
Normal-9490,1
COVID-1592,0
COVID-1028,0
Lung_Opacity-1526,3
COVID-1981,0
Lung_Opacity-2467,3
Normal-645,1
Normal-2100,1
Normal-7680,1
Normal-3904,1
Lung_Opacity-5764,3
Lung_Opacity-3267,3
Normal-7096,1
Normal-3340,1
Normal-643,1
Normal-2821,1
Viral Pneumonia-1193,2
Lung_Opacity-5841,3
COVID-2363,0
Normal-3033,1
Lung_Opacity-4863,3
Normal-9303,1
COVID-551,0
Normal-9786,1
Normal-6503,1
Normal-9084,1
Lung_Opacity-2020,3
Lung_Opacity-1115,3
Normal-7841,1
Normal-5961,1
Lung_Opacity-2026,3
Normal-6923,1
Lung_Opacity-4891,3
Normal-9514,1
Normal-5814,1
COVID-43,0
Normal-9880,1
COVID-807,0
Lung_Opacity-5894,3
COVID-1392,0
Normal-8850,1
Normal-5106,1
COVID-1877,0
Normal-9795,1
Normal-3449,1
Lung_Opacity-3201,3
COVID-218,0
Lung_Opacity-965,3
Lung_Opacity-2166,3
Normal-2701,1
Lung_Opacity-536,3
Normal-8351,1
Normal-1872,1
COVID-3538,0
Lung_Opacity-1470,3
Normal-7670,1
Normal-7213,1
Lung_Opacity-478,3
Lung_Opacity-1452,3
Normal-315,1
Lung_Opacity-2213,3
Lung_Opacity-517,3
COVID-249,0
Lung_Opacity-481,3
Viral Pneumonia-1136,2
Normal-6184,1
Viral Pneumonia-40,2
Normal-7939,1
Lung_Opacity-4538,3
Normal-568,1
Normal-2016,1
Normal-4833,1
Lung_Opacity-4850,3
COVID-2013,0
Lung_Opacity-1907,3
Lung_Opacity-431,3
Normal-8363,1
Lung_Opacity-1929,3
Lung_Opacity-1097,3
Normal-5938,1
Normal-8313,1
Normal-7966,1
Normal-5092,1
Lung_Opacity-759,3
Lung_Opacity-5886,3
Lung_Opacity-234,3
Normal-9894,1
COVID-3237,0
Normal-4512,1
Normal-1392,1
Viral Pneumonia-969,2
COVID-2482,0
Normal-5343,1
COVID-2989,0
Normal-10171,1
Normal-3816,1
COVID-2601,0
COVID-229,0
Lung_Opacity-1222,3
COVID-940,0
COVID-3325,0
Lung_Opacity-4645,3
Lung_Opacity-2165,3
Normal-5126,1
Normal-1674,1
Normal-1946,1
Normal-3223,1
Lung_Opacity-1749,3
Normal-5253,1
Normal-5752,1
Normal-5368,1
Normal-6297,1
Lung_Opacity-4622,3
Normal-6493,1
Lung_Opacity-4806,3
Normal-636,1
Normal-2670,1
Lung_Opacity-2239,3
Normal-156,1
Normal-5618,1
Normal-8649,1
Normal-9763,1
Normal-3227,1
COVID-3230,0
Normal-9105,1
Normal-665,1
COVID-3348,0
Normal-611,1
Lung_Opacity-4775,3
Lung_Opacity-1343,3
Viral Pneumonia-297,2
Normal-5197,1
Normal-8204,1
COVID-3331,0
Lung_Opacity-5224,3
Lung_Opacity-745,3
COVID-1218,0
Lung_Opacity-2470,3
Viral Pneumonia-564,2
Lung_Opacity-2985,3
Normal-2084,1
Lung_Opacity-2103,3
Lung_Opacity-1276,3
Lung_Opacity-4596,3
Normal-4030,1
Normal-53,1
Viral Pneumonia-34,2
Lung_Opacity-5307,3
COVID-1935,0
Normal-5079,1
Normal-8382,1
Normal-1111,1
Normal-3542,1
Normal-2304,1
Viral Pneumonia-299,2
COVID-3225,0
Lung_Opacity-347,3
COVID-3453,0
Lung_Opacity-636,3
Normal-7070,1
Lung_Opacity-5662,3
Viral Pneumonia-1061,2
Normal-866,1
Normal-4040,1
Viral Pneumonia-269,2
Normal-8006,1
COVID-2874,0
Viral Pneumonia-669,2
Lung_Opacity-5955,3
Lung_Opacity-2046,3
Lung_Opacity-4586,3
COVID-1537,0
Normal-2116,1
Viral Pneumonia-958,2
Lung_Opacity-3309,3
Lung_Opacity-5913,3
Normal-7428,1
Lung_Opacity-398,3
Normal-7926,1
COVID-1188,0
Normal-9639,1
Normal-10071,1
Lung_Opacity-3925,3
Lung_Opacity-3223,3
COVID-3151,0
Normal-159,1
Normal-2,1
Normal-4908,1
COVID-1331,0
Normal-3153,1
Lung_Opacity-3656,3
Lung_Opacity-3134,3
Lung_Opacity-786,3
COVID-997,0
COVID-136,0
COVID-1267,0
Normal-7946,1
Normal-4315,1
Lung_Opacity-239,3
Normal-7094,1
COVID-1853,0
Normal-10068,1
Lung_Opacity-447,3
Lung_Opacity-1826,3
Normal-9756,1
Lung_Opacity-4425,3
Normal-2572,1
Lung_Opacity-5849,3
COVID-743,0
COVID-1186,0
Normal-788,1
Lung_Opacity-2446,3
COVID-2425,0
Lung_Opacity-3479,3
COVID-2984,0
Normal-212,1
Normal-8021,1
Lung_Opacity-5769,3
Lung_Opacity-299,3
Normal-889,1
Normal-7344,1
Normal-5320,1
Lung_Opacity-4216,3
Viral Pneumonia-579,2
Normal-981,1
COVID-3292,0
COVID-3036,0
Normal-9866,1
Normal-3058,1
COVID-146,0
COVID-3272,0
Lung_Opacity-3945,3
Normal-740,1
Normal-5491,1
Normal-9675,1
Normal-8569,1
Lung_Opacity-2413,3
Normal-8717,1
Normal-5844,1
Lung_Opacity-3406,3
Normal-9009,1
Normal-8,1
Normal-2803,1
Lung_Opacity-4441,3
Lung_Opacity-2219,3
Lung_Opacity-2968,3
Lung_Opacity-4111,3
Lung_Opacity-1655,3
Lung_Opacity-4058,3
Normal-6156,1
COVID-2285,0
COVID-1327,0
COVID-223,0
Normal-194,1
Viral Pneumonia-96,2
Viral Pneumonia-113,2
Lung_Opacity-900,3
Normal-6097,1
Lung_Opacity-4534,3
COVID-440,0
Normal-5454,1
Lung_Opacity-1310,3
Viral Pneumonia-50,2
Lung_Opacity-19,3
Lung_Opacity-3256,3
Normal-5896,1
Lung_Opacity-3743,3
Normal-6587,1
Normal-7477,1
Normal-9705,1
Normal-3102,1
Lung_Opacity-850,3
Lung_Opacity-1861,3
Lung_Opacity-3826,3
Lung_Opacity-3876,3
Normal-9078,1
COVID-166,0
Viral Pneumonia-1045,2
Normal-2437,1
Normal-7027,1
Normal-6438,1
Lung_Opacity-2311,3
COVID-241,0
Lung_Opacity-4063,3
Normal-3864,1
Lung_Opacity-5676,3
COVID-2532,0
Lung_Opacity-3290,3
Lung_Opacity-1270,3
Normal-7279,1
Lung_Opacity-830,3
Normal-8583,1
COVID-581,0
Lung_Opacity-4781,3
Lung_Opacity-5828,3
Lung_Opacity-1680,3
Normal-975,1
Normal-2643,1
COVID-662,0
Normal-2913,1
Normal-6879,1
Normal-6350,1
Normal-2539,1
Normal-8014,1
Lung_Opacity-4056,3
Normal-10093,1
Normal-9083,1
Lung_Opacity-5709,3
Lung_Opacity-3779,3
Lung_Opacity-881,3
Lung_Opacity-451,3
Lung_Opacity-3299,3
Lung_Opacity-810,3
Lung_Opacity-2648,3
Normal-91,1
Viral Pneumonia-233,2
Lung_Opacity-516,3
COVID-3291,0
Normal-6776,1
Lung_Opacity-2672,3
Viral Pneumonia-593,2
Normal-6202,1
Lung_Opacity-4102,3
Normal-6599,1
Normal-8440,1
COVID-1433,0
COVID-2589,0
Viral Pneumonia-1009,2
Lung_Opacity-123,3
Lung_Opacity-39,3
COVID-1155,0
Normal-6573,1
Normal-9684,1
Lung_Opacity-2448,3
Normal-4062,1
Normal-7091,1
Lung_Opacity-712,3
COVID-2415,0
Lung_Opacity-3098,3
Normal-4335,1
Lung_Opacity-1661,3
Lung_Opacity-5293,3
Normal-9001,1
Normal-1585,1
Normal-2850,1
COVID-2241,0
Viral Pneumonia-933,2
Lung_Opacity-4841,3
Viral Pneumonia-1003,2
Normal-4021,1
Normal-8075,1
Viral Pneumonia-108,2
Lung_Opacity-4633,3
Lung_Opacity-2730,3
Normal-10079,1
Viral Pneumonia-1053,2
Normal-3718,1
Normal-4154,1
COVID-16,0
Viral Pneumonia-955,2
Lung_Opacity-653,3
Normal-4254,1
Normal-2919,1
Lung_Opacity-2566,3
Normal-9258,1
Normal-7882,1
Lung_Opacity-1312,3
Normal-7223,1
Normal-5377,1
Normal-3286,1
Normal-8275,1
Normal-8069,1
Normal-5111,1
Lung_Opacity-2738,3
Lung_Opacity-15,3
Normal-4986,1
Lung_Opacity-5056,3
Normal-7553,1
Normal-6306,1
Normal-5295,1
Normal-3465,1
Lung_Opacity-2847,3
Normal-4831,1
Lung_Opacity-4577,3
Lung_Opacity-1635,3
COVID-3010,0
Normal-709,1
Lung_Opacity-207,3
Lung_Opacity-4020,3
Normal-1583,1
Lung_Opacity-2645,3
Normal-6840,1
Lung_Opacity-4270,3
Normal-6534,1
Normal-1647,1
Lung_Opacity-2209,3
COVID-345,0
Normal-6844,1
Lung_Opacity-3897,3
Normal-8976,1
COVID-3604,0
Viral Pneumonia-316,2
Lung_Opacity-4023,3
COVID-2932,0
Normal-5424,1
Lung_Opacity-1018,3
COVID-507,0
Normal-7496,1
Lung_Opacity-1203,3
COVID-515,0
Normal-2246,1
Lung_Opacity-2391,3
COVID-120,0
Normal-7479,1
Normal-1630,1
Viral Pneumonia-1285,2
Normal-595,1
COVID-1695,0
Lung_Opacity-3121,3
Lung_Opacity-4819,3
Normal-8667,1
Lung_Opacity-1025,3
Normal-8919,1
Lung_Opacity-3745,3
COVID-1841,0
COVID-596,0
Lung_Opacity-162,3
Normal-9437,1
Normal-953,1
COVID-2566,0
Lung_Opacity-3120,3
Lung_Opacity-826,3
Lung_Opacity-2403,3
Viral Pneumonia-20,2
Lung_Opacity-4115,3
Lung_Opacity-2721,3
Lung_Opacity-3605,3
COVID-955,0
Lung_Opacity-5389,3
Normal-1178,1
COVID-2713,0
Normal-7321,1
Lung_Opacity-2704,3
Normal-8697,1
Normal-5004,1
Normal-4202,1
Normal-2367,1
Normal-8026,1
Normal-1932,1
Lung_Opacity-4868,3
COVID-2551,0
Viral Pneumonia-1327,2
Lung_Opacity-1069,3
Normal-7760,1
Lung_Opacity-368,3
Lung_Opacity-2259,3
Normal-1101,1
Normal-1219,1
Lung_Opacity-1757,3
Normal-1173,1
Normal-6621,1
Normal-3704,1
Lung_Opacity-1529,3
Normal-6005,1
COVID-1463,0
COVID-129,0
COVID-2971,0
Normal-8844,1
Lung_Opacity-3050,3
Normal-8436,1
Lung_Opacity-5330,3
Normal-6688,1
Lung_Opacity-4148,3
Normal-1639,1
Normal-5777,1
Normal-4473,1
Lung_Opacity-3433,3
Normal-3894,1
Lung_Opacity-4391,3
COVID-1918,0
Normal-7250,1
Normal-340,1
Normal-2484,1
Normal-1715,1
COVID-2165,0
Normal-4505,1
Normal-5987,1
Lung_Opacity-4582,3
Viral Pneumonia-623,2
COVID-1499,0
Lung_Opacity-530,3
Normal-1453,1
Normal-3726,1
COVID-2817,0
Lung_Opacity-3590,3
COVID-1487,0
Lung_Opacity-3808,3
Normal-8998,1
Normal-973,1
COVID-1513,0
COVID-826,0
Lung_Opacity-1613,3
Normal-1949,1
COVID-3007,0
COVID-1748,0
COVID-2802,0
Lung_Opacity-3874,3
Normal-8131,1
Normal-4240,1
Normal-8089,1
Lung_Opacity-5644,3
Viral Pneumonia-355,2
Normal-2284,1
Normal-2596,1
COVID-101,0
Normal-9871,1
COVID-2087,0
COVID-3570,0
Normal-6680,1
Lung_Opacity-5012,3
Lung_Opacity-1380,3
Lung_Opacity-4395,3
Lung_Opacity-2143,3
Lung_Opacity-3854,3
COVID-73,0
COVID-1966,0
Lung_Opacity-4181,3
Normal-773,1
Lung_Opacity-4016,3
Normal-3474,1
Normal-9430,1
Lung_Opacity-4714,3
Normal-3570,1
COVID-167,0
Normal-5278,1
Normal-7793,1
Lung_Opacity-2626,3
Normal-7723,1
Viral Pneumonia-1251,2
Normal-6930,1
Viral Pneumonia-1051,2
Lung_Opacity-1247,3
Normal-2704,1
COVID-1235,0
Normal-964,1
Viral Pneumonia-702,2
Viral Pneumonia-672,2
Normal-2501,1
Normal-7970,1
Normal-8668,1
Lung_Opacity-2563,3
Normal-8121,1
Lung_Opacity-36,3
Lung_Opacity-4214,3
Normal-5285,1
Viral Pneumonia-86,2
Viral Pneumonia-819,2
Lung_Opacity-2191,3
Normal-5485,1
COVID-633,0
Viral Pneumonia-750,2
Normal-562,1
COVID-953,0
Normal-8087,1
Normal-702,1
Normal-1067,1
Normal-7379,1
Normal-4312,1
Lung_Opacity-3278,3
Viral Pneumonia-407,2
Normal-2207,1
Lung_Opacity-1829,3
Viral Pneumonia-195,2
COVID-1586,0
COVID-2814,0
Normal-7039,1
Lung_Opacity-4235,3
Viral Pneumonia-13,2
Lung_Opacity-951,3
Normal-7159,1
Normal-9854,1
Normal-3758,1
Lung_Opacity-1591,3
Normal-7289,1
Normal-9428,1
Lung_Opacity-890,3
COVID-3602,0
Normal-6715,1
Normal-7444,1
Lung_Opacity-2344,3
Lung_Opacity-5565,3
Lung_Opacity-5178,3
Normal-468,1
Lung_Opacity-5267,3
Lung_Opacity-5940,3
Normal-8575,1
Lung_Opacity-5163,3
Normal-3646,1
Normal-4218,1
Normal-3172,1
Lung_Opacity-3872,3
Lung_Opacity-1382,3
Normal-5799,1
Normal-9577,1
Lung_Opacity-603,3
Normal-5992,1
Lung_Opacity-4026,3
COVID-565,0
Normal-1969,1
COVID-2683,0
Normal-7488,1
Lung_Opacity-805,3
Normal-945,1
Lung_Opacity-533,3
Normal-4868,1
COVID-1080,0
Normal-10017,1
Viral Pneumonia-276,2
Lung_Opacity-5996,3
Normal-86,1
Normal-10110,1
Normal-2699,1
COVID-2239,0
Lung_Opacity-1796,3
Lung_Opacity-4438,3
Normal-4653,1
Lung_Opacity-1854,3
Lung_Opacity-435,3
Normal-10128,1
Normal-7384,1
Normal-5007,1
Normal-5025,1
Lung_Opacity-471,3
Normal-1567,1
COVID-1377,0
Normal-8772,1
COVID-915,0
Normal-1269,1
Viral Pneumonia-605,2
Lung_Opacity-1870,3
COVID-797,0
Lung_Opacity-1372,3
COVID-1063,0
Lung_Opacity-493,3
Viral Pneumonia-1200,2
Normal-7275,1
Normal-3644,1
Lung_Opacity-5584,3
Lung_Opacity-4627,3
Normal-8080,1
Normal-3226,1
Normal-4614,1
Normal-6029,1
Normal-2937,1
Normal-2071,1
Normal-5016,1
Normal-9728,1
Normal-7650,1
Normal-851,1
COVID-2640,0
Lung_Opacity-4938,3
Normal-3359,1
COVID-2265,0
Normal-5041,1
COVID-1888,0
Normal-5327,1
Normal-4818,1
Lung_Opacity-238,3
Normal-7586,1
COVID-3546,0
COVID-1950,0
Viral Pneumonia-155,2
Viral Pneumonia-1004,2
COVID-71,0
Lung_Opacity-808,3
Lung_Opacity-2548,3
Normal-548,1
Lung_Opacity-4177,3
Normal-8439,1
Normal-4237,1
Lung_Opacity-4898,3
Normal-9796,1
Lung_Opacity-5228,3
Normal-7170,1
Normal-2093,1
Lung_Opacity-3285,3
COVID-2284,0
Normal-564,1
Lung_Opacity-1397,3
Normal-1292,1
Normal-582,1
COVID-1793,0
Lung_Opacity-3926,3
Lung_Opacity-3432,3
Viral Pneumonia-607,2
Lung_Opacity-5328,3
COVID-2644,0
Lung_Opacity-2764,3
Normal-1961,1
COVID-750,0
Normal-2875,1
Normal-3598,1
Viral Pneumonia-925,2
Normal-1478,1
Lung_Opacity-2471,3
Lung_Opacity-1934,3
Normal-5448,1
Lung_Opacity-3918,3
Normal-987,1
Normal-5629,1
Normal-3152,1
Normal-5617,1
Lung_Opacity-2174,3
Lung_Opacity-3775,3
Lung_Opacity-541,3
Normal-130,1
Normal-240,1
Lung_Opacity-968,3
Normal-4510,1
Normal-1897,1
Lung_Opacity-2057,3
Lung_Opacity-1145,3
Lung_Opacity-792,3
Lung_Opacity-1962,3
COVID-2765,0
Normal-4072,1
COVID-1645,0
Lung_Opacity-3443,3
Normal-1172,1
Normal-5583,1
Lung_Opacity-2136,3
Normal-923,1
Lung_Opacity-5826,3
Lung_Opacity-3508,3
Normal-3376,1
Normal-9900,1
Normal-787,1
Lung_Opacity-21,3
Normal-283,1
Viral Pneumonia-477,2
Normal-6146,1
Normal-8762,1
Normal-9236,1
Normal-5251,1
COVID-2987,0
Lung_Opacity-5506,3
Normal-1804,1
Lung_Opacity-5960,3
COVID-184,0
Lung_Opacity-3383,3
Viral Pneumonia-132,2
Normal-4643,1
Viral Pneumonia-968,2
Normal-5525,1
Normal-1749,1
COVID-1010,0
Normal-1636,1
Normal-5591,1
Normal-7640,1
Viral Pneumonia-350,2
Viral Pneumonia-80,2
Lung_Opacity-5165,3
Normal-9298,1
Lung_Opacity-904,3
Normal-6643,1
Normal-600,1
Normal-1128,1
COVID-1244,0
Lung_Opacity-1726,3
Normal-351,1
Normal-10186,1
Normal-7929,1
Lung_Opacity-775,3
Normal-6764,1
COVID-2090,0
Normal-6471,1
Normal-3193,1
Normal-2310,1
COVID-1284,0
Normal-4612,1
Normal-5574,1
COVID-1766,0
Viral Pneumonia-1093,2
Lung_Opacity-1378,3
Lung_Opacity-2708,3
COVID-3012,0
COVID-1902,0
Normal-2652,1
Normal-8963,1
Normal-2364,1
COVID-860,0
Lung_Opacity-3496,3
Normal-3341,1
Normal-7602,1
COVID-1340,0
Lung_Opacity-1536,3
Lung_Opacity-3460,3
Viral Pneumonia-1311,2
Viral Pneumonia-89,2
COVID-728,0
Lung_Opacity-4488,3
Normal-2616,1
COVID-61,0
Normal-3042,1
Viral Pneumonia-1158,2
Normal-9912,1
Normal-6739,1
Lung_Opacity-3571,3
COVID-3534,0
Viral Pneumonia-1318,2
Normal-4497,1
Lung_Opacity-3473,3
COVID-2766,0
Lung_Opacity-2045,3
COVID-2810,0
Lung_Opacity-150,3
Lung_Opacity-4306,3
Lung_Opacity-336,3
Normal-4136,1
Normal-4737,1
Normal-9362,1
Normal-7148,1
COVID-1959,0
COVID-3274,0
Normal-1967,1
Normal-3642,1
COVID-1783,0
Normal-2963,1
Lung_Opacity-2654,3
Lung_Opacity-4760,3
COVID-1611,0
COVID-2852,0
Lung_Opacity-5041,3
Normal-4745,1
Normal-8766,1
Lung_Opacity-3449,3
Normal-8007,1
Lung_Opacity-3431,3
Lung_Opacity-2836,3
Lung_Opacity-300,3
COVID-3108,0
Lung_Opacity-4889,3
Normal-140,1
Normal-5823,1
Normal-1883,1
Lung_Opacity-1239,3
Lung_Opacity-5113,3
Normal-1035,1
Normal-6144,1
Normal-8977,1
Normal-7030,1
COVID-3205,0
Normal-1656,1
Normal-1867,1
Lung_Opacity-2606,3
Normal-4103,1
Normal-37,1
Lung_Opacity-1140,3
COVID-2730,0
Normal-2178,1
Normal-738,1
Normal-6481,1
Normal-1637,1
Lung_Opacity-3293,3
Normal-7971,1
Lung_Opacity-5941,3
Lung_Opacity-69,3
Normal-1835,1
Viral Pneumonia-152,2
Lung_Opacity-639,3
Normal-9812,1
Normal-4144,1
COVID-2743,0
COVID-2176,0
Normal-2969,1
Viral Pneumonia-480,2
COVID-3018,0
COVID-1946,0
COVID-1821,0
COVID-2865,0
Lung_Opacity-3781,3
Normal-218,1
Lung_Opacity-4476,3
COVID-2047,0
Lung_Opacity-837,3
Normal-5736,1
Lung_Opacity-5622,3
Normal-8863,1
COVID-102,0
Normal-9953,1
Normal-1506,1
Lung_Opacity-2315,3
COVID-1757,0
Lung_Opacity-4790,3
Normal-8152,1
Normal-637,1
Normal-4568,1
Normal-7434,1
COVID-2891,0
Viral Pneumonia-104,2
Lung_Opacity-880,3
Normal-6907,1
Normal-1231,1
Lung_Opacity-3641,3
Lung_Opacity-3632,3
Normal-78,1
Lung_Opacity-3504,3
Normal-1557,1
Lung_Opacity-1358,3
Normal-8957,1
Normal-3524,1
COVID-2778,0
COVID-2330,0
Normal-2965,1
Normal-9187,1
Normal-3002,1
Normal-3141,1
Normal-5786,1
COVID-779,0
Normal-1165,1
Lung_Opacity-1422,3
Viral Pneumonia-812,2
Normal-5282,1
COVID-237,0
Lung_Opacity-5615,3
COVID-1934,0
COVID-2195,0
Normal-4220,1
COVID-2079,0
Normal-4753,1
Lung_Opacity-1758,3
Viral Pneumonia-445,2
Normal-7785,1
Normal-7028,1
Normal-2879,1
Lung_Opacity-5122,3
Normal-3372,1
COVID-1211,0
Normal-9026,1
Lung_Opacity-2596,3
Normal-6993,1
COVID-3159,0
Normal-3422,1
Normal-8777,1
Viral Pneumonia-361,2
Lung_Opacity-542,3
Lung_Opacity-2992,3
Lung_Opacity-483,3
Normal-118,1
Lung_Opacity-1820,3
Normal-5496,1
Lung_Opacity-976,3
Normal-3755,1
COVID-3594,0
Normal-8135,1
Lung_Opacity-4870,3
Lung_Opacity-2820,3
Lung_Opacity-2465,3
Lung_Opacity-987,3
Normal-6238,1
Normal-8860,1
Lung_Opacity-2236,3
COVID-399,0
Lung_Opacity-3333,3
Lung_Opacity-1177,3
Lung_Opacity-1537,3
Viral Pneumonia-755,2
Lung_Opacity-5809,3
COVID-1091,0
Lung_Opacity-2351,3
Viral Pneumonia-476,2
Lung_Opacity-1563,3
Normal-2355,1
Lung_Opacity-184,3
Normal-7606,1
Normal-9609,1
Normal-2291,1
Normal-4191,1
COVID-2789,0
Normal-4757,1
Lung_Opacity-3023,3
Normal-4093,1
Normal-8225,1
Normal-6349,1
Normal-1425,1
Lung_Opacity-2769,3
Lung_Opacity-3049,3
Lung_Opacity-2269,3
Normal-9441,1
Viral Pneumonia-1154,2
Normal-6703,1
Normal-109,1
Normal-337,1
Normal-124,1
Normal-3490,1
Normal-9990,1
Normal-1782,1
COVID-814,0
Normal-3949,1
Normal-5206,1
Normal-7796,1
Normal-4718,1
Lung_Opacity-2619,3
Normal-2248,1
Viral Pneumonia-1133,2
Lung_Opacity-5834,3
Normal-5168,1
COVID-1006,0
Normal-5063,1
COVID-2626,0
Normal-1038,1
Viral Pneumonia-144,2
Lung_Opacity-5952,3
Normal-1407,1
Lung_Opacity-4585,3
Normal-4602,1
Normal-1207,1
Normal-8329,1
Lung_Opacity-236,3
Normal-9439,1
Lung_Opacity-3484,3
Normal-2419,1
Lung_Opacity-168,3
Normal-6011,1
Lung_Opacity-405,3
Normal-6171,1
Normal-7052,1
Normal-6989,1
Normal-3071,1
COVID-2931,0
Normal-1222,1
Lung_Opacity-3526,3
Viral Pneumonia-706,2
Lung_Opacity-5411,3
Normal-9120,1
Normal-2563,1
Lung_Opacity-1977,3
Normal-10103,1
COVID-1616,0
Normal-1589,1
Lung_Opacity-4752,3
Normal-274,1
COVID-650,0
Viral Pneumonia-963,2
Normal-8403,1
Lung_Opacity-4969,3
COVID-1022,0
Normal-5950,1
Normal-623,1
Normal-3804,1
Normal-584,1
Lung_Opacity-1212,3
Normal-96,1
Lung_Opacity-3261,3
Lung_Opacity-5060,3
Viral Pneumonia-684,2
Normal-2627,1
Normal-5837,1
Lung_Opacity-3914,3
Normal-7156,1
Normal-10024,1
Normal-6698,1
COVID-3039,0
Lung_Opacity-5334,3
Normal-9897,1
Normal-5228,1
Normal-4781,1
COVID-869,0
Lung_Opacity-3549,3
Normal-1223,1
Lung_Opacity-3776,3
Lung_Opacity-2383,3
COVID-188,0
COVID-108,0
Lung_Opacity-2407,3
Normal-4840,1
Normal-9873,1
COVID-1453,0
Normal-7005,1
Lung_Opacity-3500,3
Lung_Opacity-3824,3
COVID-2159,0
Normal-3331,1
Lung_Opacity-1846,3
Lung_Opacity-2429,3
Normal-4620,1
Lung_Opacity-281,3
Lung_Opacity-3451,3
Lung_Opacity-4465,3
Lung_Opacity-2110,3
Viral Pneumonia-1157,2
Lung_Opacity-2701,3
Viral Pneumonia-724,2
COVID-2689,0
COVID-2892,0
COVID-336,0
Lung_Opacity-2153,3
COVID-1302,0
Normal-9318,1
Normal-9966,1
Viral Pneumonia-560,2
Normal-6887,1
Lung_Opacity-4184,3
Normal-1018,1
Normal-7173,1
COVID-3267,0
Normal-4705,1
Viral Pneumonia-415,2
COVID-3136,0
Lung_Opacity-4910,3
Lung_Opacity-2890,3
Normal-8005,1
Normal-9235,1
COVID-2154,0
Lung_Opacity-2535,3
COVID-2117,0
Normal-3695,1
COVID-1025,0
Normal-6650,1
Normal-1771,1
Lung_Opacity-2180,3
Normal-9097,1
Normal-9286,1
COVID-2775,0
Normal-1838,1
Normal-9619,1
Normal-1800,1
Lung_Opacity-973,3
Lung_Opacity-3960,3
Normal-604,1
COVID-3544,0
Viral Pneumonia-664,2
COVID-3582,0
Normal-6664,1
COVID-2126,0
Normal-3334,1
Lung_Opacity-2834,3
Normal-3315,1
COVID-2812,0
Viral Pneumonia-242,2
Normal-427,1
Normal-1437,1
Normal-9321,1
Normal-64,1
Lung_Opacity-5967,3
COVID-3465,0
Normal-4308,1
Normal-4429,1
Lung_Opacity-5384,3
COVID-2960,0
Normal-8552,1
COVID-1580,0
Lung_Opacity-1111,3
Normal-4549,1
Normal-648,1
Normal-2507,1
Lung_Opacity-1653,3
Viral Pneumonia-163,2
Normal-3541,1
Viral Pneumonia-426,2
COVID-1042,0
Lung_Opacity-4502,3
COVID-674,0
Normal-8497,1
COVID-3065,0
Lung_Opacity-4087,3
COVID-1436,0
COVID-1107,0
COVID-705,0
Normal-3703,1
Lung_Opacity-5062,3
Normal-1323,1
Viral Pneumonia-973,2
Viral Pneumonia-1211,2
Normal-6340,1
Normal-1265,1
Normal-150,1
Normal-9055,1
Normal-7714,1
Normal-4664,1
Normal-9745,1
Normal-8303,1
Normal-7072,1
Normal-10027,1
Normal-6063,1
Lung_Opacity-3132,3
COVID-2262,0
COVID-55,0
Normal-4880,1
Lung_Opacity-4377,3
Lung_Opacity-2696,3
COVID-2696,0
Lung_Opacity-809,3
Normal-7025,1
Normal-4301,1
Normal-6627,1
Lung_Opacity-1701,3
Viral Pneumonia-340,2
Normal-8596,1
COVID-125,0
Normal-1386,1
Normal-6533,1
Normal-6605,1
Normal-8893,1
Normal-8433,1
Lung_Opacity-3384,3
Normal-1485,1
Normal-9599,1
Normal-3563,1
COVID-2059,0
Lung_Opacity-651,3
COVID-2480,0
Lung_Opacity-634,3
